<?xml version="1.0" encoding="UTF-8"?>
<!DOCTYPE hibernate-mapping PUBLIC "-//Hibernate/Hibernate Mapping DTD 3.0//EN"
 "http://hibernate.sourceforge.net/hibernate-mapping-3.0.dtd">
<hibernate-mapping>
    <class name="Student" table="student">
        <meta attribute="class-description">
            This class contains Student details..
        </meta>
        <id name="id" column="id" type="int">
            <generator class="native"/>
        </id>
        <property name="stid" column="stid" type="string"/>
        <property name="firstname" column="firstname" type="string"/>
        <property name="lastname" column="lastname" type="string"/>
        <property name="course" column="course" type="string"/>
        <property name="section" column="section" type="string"/>
    </class>
</hibernate-mapping>
